Vendor Code,Shop Name,Address,City,State,Zip Code,Service Zone,What3Words,Pickup Door,Floor Level,Pickup Instructions,Access Code,Business Hours,Primary Contact,Primary Phone,Active Status
champ-brand,Champ Brand,49 Elsom Parkway,South Burlington,VT,,Chittenden Core,,,,Call in advance to set up a time,,NA,Matthew Douglas,,true
mixed-up-nut-butter,Mixed Up Nut Butter,1396 Marble Island Rd. #6,Colchester,VT,,Chittenden Core,seminar.squeaking.tone,,,"Call/text for pickup as needed, order will be left on front porch/front of garage if not at ""the office"" (home). I work from ""the office"" most days.

Unit #6. ///seminar.squeaking.tone",,NA - we dont have a retail shop.,Kent Arnold,18024482838,true
vermont-brownie-company,Vermont Brownie Company,6655 Shelburne Road,Shelburne,VT,,Chittenden Core,,,,There will be a pickup table with keycard access. Once orders are marked as fulfilled they can be picked up any day or time. A keycard can be provided.,,Varied,Chris Trudel,18027526173,true
waggle-woof-and-wander,Waggle Woof and Wander,66 Mountain Terr,Bristol,VT,,Addison County,,,,On front porch in bin,,M-F,Myriah Cogswell,18022387439,true
cathedral-arts,Cathedral Arts,2 Cherry Street,Burlington,VT,,Chittenden Core,arch.extra.begin,,,"Ring doorbell at the top of the hill if door is locked. Staff able to fulfill an inventory request are present
Tues-Fri 8:30 am to 4:30 pm; Peter Berton usually is present Mon-Wed 8:30 am - 4:30 pm. what three words address is: ///arch.extra.begin",,Tues-Fri 8:30 am-12:30 pm,Peter Berton,4012399713,true
magpie-tiger,Magpie & Tiger,"15 State Street, Suite 101",Montpelier,VT,,Washington County,,,,Please come to the front counter. Pick ups will be available there,,"Mon Closed, Tue to Fri, 11a to 6p; Sat 10a to 5p; Sun 11a to 3p",Elena Gustavson,8022322657,true
butterfly-bakery-of-vermont,Butterfly Bakery of Vermont,698 South Barre Rd,Barre,VT,,Washington County,,,,The driver can come through the green door in the back of the building.  Our shipping team will leave orders for Myti in the area by the door so they can be easily grabbed at pickup 24/7,,"Myti orders are left in the vestibule for your driver to pick up anytime once they’re marked as fulfilled on our end. The vestibule can be accessed 24/7, so it should never be an issue. There is always someone here M-F from 8:30 a.m. to 5 p.m., and though our little store used to be closed on Mondays from 8:30 a.m. to 4:30 p.m. (business hours for the warehouse when someone is present in the back area/warehouse), we now have that open every weekday, too!  ",Peter Cohn,8022434545,true
smellit-vt,SmelLit VT,57 North St Apt B,Burlington,VT,,Chittenden Core,,,,We don't have a physical store our sales are online but we have an office in our apartment where we fulfill all orders. We have a camera doorbell you can click and let us know which order you are coming to pick up and we are going to handle to you.,,"Online Store 24/7
Fulfilling Orders 10-7 pm",Maria Fernanda Segovia,18023046951,true
local-maverick,Local Maverick,100 Bank Street,Burlington,VT,,Chittenden Core,,,,We will coordinate to have the Myti team have access to our space and a dedicated pickup space where Myti orders/inventory will be prepped for your team to easily access!,,Varies,Ryan Nakhleh,8024984988,true
hound-hot-sauce,Hound Hot Sauce,"25 Baycrest Drive, 507",South Burlington,VT,,Chittenden Core,gifted.elite.sketch,,,Ring the doorbell or text Sierra at 802-825-5790 and she will give you the order. ///gifted.elite.sketch,,N/A,Hope Swanke,8023388026,true
lefusion-botanicals,Le'Fusion Botanicals,163 Partridge Road,Barre,VT,,Washington County,,,,I have a drop box at the bottom of my driveway where orders will be left for pickup.,,7 days a week 8 AM - 5 PM,Kelly Kindestin,18022725531,true
treeline-terrains,Treeline Terrains,"1297 Exchange St,",Middlebury,VT,,Addison County,,,,,,5-Sep,Mike Rainville,8022142545,true
back-home-bakery,Back Home Bakery,I-1 Grandview Drive,South Burlington,VT,,Chittenden Core,,,,"contact me with date and time you'll be here and I will either meet and give to you or leave product in a container outside of my door. My address is I-1 and that is building i apartment 1

Location: https://w3w.co/speaks.damage.shared",,"anytime. I do have another part time job which is very flexible so as long as I know when you're coming before you come, everything will be good to go",Wendi Shangraw,8023559456,true
vermont-pure-herbs,Vermont Pure Herbs,5914 lower Newton road,Swanton,VT,,Franklin County,,,,All orders will be in grey delivery bin on front porch.,,By Appointment,Tammy Hudson,18023732676,true
pravi-nutrition,PRAVI Nutrition,"110 Cherry St, Suite 3A",Burlington,VT,,Chittenden Core,,,,"Text/Call 802-233-7449 and I can meet driver with orders handoff.

#2045 is the door code",2045,7-Sep,Armin,18022337449,true
sweet-basil-cards,Sweet Basil Cards,13 St. Louis Street,Burlington,VT,,Chittenden Core,,,,Please pick up at the front door.,,5-Sep,Megan Humphrey,8029226703,true
shrubbly,Shrubbly,6 Ethan Allen Drive,South Burlington,VT,,Chittenden Core,,,,AGH Fulfillment,,N/A,Matt Sayre,18023436482,true
autumn-records,Autumn Records,11 E. Allen St. Suite 2,Winooski,VT,,Chittenden Core,,,,"Orders will be bagged up behind the counter, come into the shop and pick up at the register!",,12-6pm - 7 days a week,Greg Davis,8025036779,true
h2go-energy-water,h2go Energy Water,266 S Union Street,Burlington,VT,,Chittenden Core,,,,Orders will be placed on the steps outside the garage!,,5-Sep,,18029995453,true
dungeons-by-dan,Dungeons By Dan,77 Ledge Dr.,Milton,VT,,Chittenden Extended,,,,Items will be in a box on the front porch/door.,,5-Sep,Daniel DiPietro,18025988539,true
brave-coffee-and-tea,Brave Coffee and Tea,136 Demeritt Place,Waterbury,VT,,Washington County,,,,"Come to the back door. If no one is going to be there, pick-up will be left outside the door.",,"T,W,F 9-2",Scott Weigand,18022440700,true
glow-aesthetics-medical-spa,Glow Aesthetics Medical Spa​,,South Burlington,VT,,Chittenden Core,,,,,,,Jeff Bryant,,true
small-oven-pastries,Small Oven Pastries,177 Maeck Farm Rd,Shelburne,VT,,Chittenden Core,,,,"Customer will be placing orders in insulated bags that we can pick up & take with us to keep the items chilled
Fulfillment will be at the Maeck Farm address temporarily as they are moving to a new commercial kitchen.  Fulfillment address will be updated when that happens.",,9-4 M-F,Elizabeth Berman,18024248192,true
nu-chocolat,Nu Chocolat,180 Battery St Ste 110,Burlington,VT,,Chittenden Core,,,,"If you would like to pick orders up the same day they're placed, please call us ahead of time and we will be happy to pack up your order for same day pickup.",,5-Sep,Virginia Toohey,18023102753,true
elli-parr-jewelry,Elli Parr Jewelry,"41 IDX , Ste. 150",South Burlington,VT,,Chittenden Core,,,,pickup order will be ready at POS checkout stand in main retail shop,,"Monday 9am - 5pm; Tuesday - Friday 10am - 6pm; Saturday
10am - 5pm; Sunday 11am - 4pm",Sara Nelson,6179010250,true
beau-ties-of-vermont,Beau Ties of Vermont,69 Industrial Ave,Middlebury,VT,,Addison County,,,,"Wait 2 business days before calling about unfulfilled items due to made-to-order items.
Just let us know ahead of time you're coming. Then come through the front door.",,7:30a - 3:30p,Valerie Bishop,8023880108,true
ondine-perfume,Ondine Perfume,149 State Street,Montpelier,VT,,Washington County,,,,At appointed pick up timing we will meet you at said address.,,By appointment,Maya Boffa,18022294259,true
vermont-green-football-club,Vermont Green Football Club,"166 Athletic Dr, Shelburne, VT 05482",Burlington,VT,05482,Chittenden Core,,,,TBD,,24/7,Matthew Wolff,5166952986,true
bw-williams-cutlery,B.W. Williams Cutlery,19 Cinda Street,South Burlington,VT,,Chittenden Core,,,,if possible give me a fairly accurate pickup time and knock loudly on the front door.,,"19-230, 4-6",Benjamin Williams,8023181818,true
hootie-hoo,hootie hoo,40 Breezy Valley Ln,St George,VT,,Chittenden Extended,,,,"This is out of our home, so call/text or ring the doorbell. We'll have the product outside on the front porch
if weather permits.",,5-Sep,Claire Zhu,18023450254,true
holy-halvah,Holy Halvah,52 E River Road,Lincoln,VT,,Addison County,,,,Please park in the lower lot (left side of building when facing from street) and enter either of the 32 doors from the lot. We'll see you!,,24/7,hello@holyhalvahvermont.com,8023243702,true
rack-warehouse,Rack Warehouse,2500 Williston Rd,South Burlington,VT,,Chittenden Core,,,,Knock on back door OR come on in. Will have order ready by door OR find an associate who can help get order loaded.,,"Mon-Fri 9 AM- 6 PM, Sat 9 AM-5 PM, Sun Closed",Jillian Ojala,8002725362,true
natural-mattress-company,Natural Mattress Company,"3198 Shelburne Road, Shelburne VT 05482",Shelburne,VT,05482,Chittenden Core,,,,We will have it ready near the front door!,," Mon-Sat 10 AM-6 PM, Sun 11 AM-3 PM",Michael Hassenberg,8029852650,true
4t2d,4t2d,"750 Pine St #2, Burlington VT 05401",Burlington,VT,05401,Chittenden Core,,,,"Loading Dock on North end of building – entrance can be accessed off Birchcliff Pkwy. Go up ramp to door, ring bell for Fourbital Factory, and the packages that are ready will be located right as you walk in the door. ",,Mon-Fri: 9AM – 5PM,Lauren,18026221572,true
ego-salon,Ego Salon,"2035 essex road, Williston VT, 05495",Williston,VT,05495,Chittenden Core,,,,Orders will be inside front door,,M-F 9-5,Sierra Rousseau,18023497301,true
imperfect-clay-co,Imperfect Clay Co.,"11 Lower Newton Street, St Albans City, VT 05478",St Albans City,VT,05478,Franklin County,,,,front porch,,N/A,Romy Theisen,,true
sloggn-gear-company,Sloggn Gear Company,"255 South Prospect st, Burlington VT 05401",Burlington,VT,05401,Chittenden Core,,,,front door,,Mon-Fri: 9 AM- 5 PM,Kitter Spater,8025756446,true
do-love-collective,Do Love Collective,"Ubuntu, 242 Meadow Brook Dr, Starksboro, VT 05487",Starksboro,VT,05487,Addison County,,,,"Call Liv, pick up in garage",,Mon-Fri: 9 AM- 5 PM,Liv Thompson,5125297845,true
queen-city-footwear,Queen City Footwear,"450 Shunpike Rd, Williston, VT 05495",Williston,VT,05495,Chittenden Core,,,,Notify us before arriving and we'll be there to meet you at front door!,,Mon-Fri: 9 AM- 5 PM,Matthew Renna,8026573886,true
garuka-bars,Garuka Bars,"336 N Winooski Ave, Burlington, Vt 05401",Burlington,VT,05401,Chittenden Core,,,,"front mail room, After getting confirmation order is ready, pick up from the table in the mailroom, which is as soon as you enter the building.",,Mon-Fri: 9 AM-5 PM,Mike Rosenberg,18608360114,true
tove-wear,Tove Wear,"416 Pine St, Burlington, VT 05401",Burlington,VT,05401,Chittenden Core,,,,"Ask for Ava, product will be behind counter for you",,"Mon-Fri: 10AM- 4PM
Sat: 10AM- 3PM",Tove Ohlander,15182410874,true
three-pines-candle-company,Three Pines Candle Company,"588 Rt 7 S. Unit 102 Milton, VT 05468",Milton,VT,05468,Chittenden Extended,,,,Please message 571-319-2194 if possible when you are close.,,Mon-Fri: 9 AM-6 PM,Jessica Young,15713192194,true
ursa-style,Ursa Style,90 WEST ST,Essex Junction,VT,,Chittenden Core,,,,"Order pick-up at residential location, to be located in garage side door entrance. - Prefers text communication for fulfillment needs.  Number on file is correct.",,9-5PM,Monika Ursiny,18023998070,true
us-sherpa,US Sherpa,"235 Main St, Suite 1, Winooski, VT 05404",Winooski,VT,05404,Chittenden Core,,,,"Enter shop front door, packages will be at the front check-out desk (right side of the store), ask a store employee or manager if there are any questions or concerns. ",,Mon-Fri: 9AM- 5PM,Ongyel Sherpa,18028575059,true
hodeeay,(ho-dee-ay),53 Ward Street,Burlington,VT,,Chittenden Core,,,,Items will be in a box on the porch if no one is there.,,variable,Deb Emerson,18025980641,true
green-vision-cleansing,Green Vision Cleansing,"12 Central Street unit 4 Essex Junction Vermont 05452
",Burlington,VT,05452,Chittenden Core,,,,Myti Depot,,"Mon-Sat: 9 AM-10 PM
Sun: 10 AM-10 PM",Marie Green Vision,18028292903,true
wild-lark,Wild Lark,"32 Church St, Burlington, VT 05401",Burlington,VT,05401,Chittenden Core,,,,Pickup behind counter,,"Mon-Thu: 10 AM-7 PM, Fri-Sat: 10 AM-8 PM, Sun: 10 AM-6 PM",Ali Koster,18025400878,true
woodfyred,WoodFyred,N/A,Burlington,VT,,Chittenden Core,,,,Product will be left on the front porch,,N/A,Richard Gliech,18027353227,true
myti-concept-shop,Myti Concept Shop,,Burlington,VT,,Chittenden Core,,,,,,N/A,,,true
must-love-yarn,Must Love Yarn,"2438 Shelburne Road, Suite 2
Shelburne, VT 05482",Shelburne,VT,05482,Chittenden Core,,,,Pick up behind front counter,,"Tue-Fri: 10 AM-6 PM
Wed: 11 AM-7 PM
Sat: 10 AM-5 PM
Sun: 12 PM-4 PM",hello@mustloveyarn.com,18024483780,true
houndstooth,Houndstooth,"126 College Street #10
Burlington, VT 05401

",Burlington,VT,05401,Chittenden Core,,,,Behind the counter!,,"Sun-Thu: 11 AM-5 PM
Fri-Sat: 11 AM-6 PM",Debbie Safran,18025400762,true
barred-woods-maple,Barred Woods Maple,253 Poker Hill Road,Underhill,VT,05489,Chittenden Extended,,,,Warehouse located at intersection of Rt15 and Foote Brook Road. Enter the lower level of the building. Bags will be on a table in front of you,,Mon-Fri: 9 AM- 3 PM,Dan Paggi,18029999090,true
harbour-thread,Harbour Thread,"96 Church Street, Burlington VT 05401",Burlington,VT,05401,Chittenden Core,,,,The bags will be sitting on the end of the register counter for the pickup person to grab and go on the designated pickup days. There will also be an employee around the register to help the pickup person if anything is needed!,,"Mon-Sat: 10 AM-7 PM
Sun: 10 AM-6 PM",Lyndara Harbour,18028642800,true
small-dog-electronics,Small Dog Electronics,"316 Flynn Ave, Suite A
Burlington, VT 05401",Burlington,VT,05401,Chittenden Core,,,,"go to Service Entrance. We will have a designated Myti pick up area in the store. 
 ",,"Mon-Fri: 10 AM-6 PM
Sat-Sun: Closed",Emily Dolloff,18028621316,true
plink,Plink!,"Richmond, VT",Burlington,VT,,Chittenden Core,,,,Orders will be placed on the Myti table or Brooke's desk.,,Mon-Sun: 9 AM-5 PM,Max Luthy,18029997623,true
jennifer-kahn-jewelry,Jennifer Kahn Jewelry,"266 Pine St, Burlington, VT 05401",Burlington,VT,05401,Chittenden Core,,,,,,Tues-Sat: 10 AM-5 PM,Jen Kahn,,true
dandylion,DandyLion,"30 Kaileys Way, Hinesburg, VT 05461",Hinesburg,VT,05461,Chittenden Extended,,,,"Front counter, check in with Ashley",,Mon-Fri: 10 AM-6 PM,ashley farland,19176088156,true
way-out-wax,Way Out Wax,76 Deer Run Lane,Hyde Park,VT,,Lamoille County,,,,"Our regular shipping door is the door nearest to the loading docks. It is unlocked during business hours and driver can enter to pick up package(s). If a driver comes outside of business hours, we have a green chair on the main front porch that serves as an after-hours order pick-up spot. If any orders are left for pickup, they are labeled VERY clearly so driver will know what is for Myti versus for another party picking up.",,8:30 - 4:30,Anna Barrett,18028884014,true
alpine-shop,Alpine Shop,"935 Shelburne Rd. South Burlington, VT 05403 USA",South Burlington,VT,05403,Chittenden Core,,,,"Myti orders will be in the back of the shop, enter through the back door behind the building",,Mon-Sun: 10 AM-6 PM,Harry,18028622714,true
kiss-the-cook,Kiss the Cook," 72 Church St, Burlington, VT 05401",Burlington,VT,05401,Chittenden Core,,,,Inform KTC Team members at front desk/show room working you're there to pick up Myti order(s) and they will retrieve orders for you.,,"Mon-Sat: 11 AM-6 PM
Sun: 11 AM-5 PM",Bill,18028634226,true
sidepony-boutique,SidePony Boutique,90 Mechanicsville Rd Suite 8,Hinesburg,VT,05461,Chittenden Extended,,,,"Front counter, check in with Catherine",,"Mon: Closed
Tues: 10 AM-5 PM
Wed: 10 AM-1 PM
Thurs-Fri: 10 AM-5 PM
Sat: 9 AM-12 PM",Catherine Moller,18024897844,true
homeport,Homeport,52 Church St,Burlington,VT,05401,Chittenden Core,,,,,,Sun-Sat: 10 AM- 6 PM,Fulfillment Email,18028634644,true
pet-food-warehouse,Pet Food Warehouse,2500 Williston Rd,South Burlington,VT,05403,Chittenden Core,,,,,,"Mon-Fri: 9 AM-6:30 PM
Sat-Sun: 9 AM-5:30 PM",Travis Williams,18028620995,true
shiki-wrap,Shiki Wrap,26 Butternut Lane,Shelburne,VT,,Chittenden Core,,,,Pick up on the front door step.,,No Store Front,Meagan Downey,18025979727,true
dear-lucy,Dear Lucy,38 Church Street,Burlington,VT,,Chittenden Core,,,,6-Oct,,6-Oct,Melissa Desautels,8028625126,true
whim-boutique,Whim Boutique,62 Church St,Burlington,VT,,Chittenden Core,,,,open 10am-6pm daily for pickup,,6-Oct,,8026586496,true
ao-glass,AO Glass,416 Pine St,Burlington,VT,05401,Chittenden Core,,,,,,Mon-Fri: 10 AM- 4 PM,Hanna Holm,18024884455,true
danform-shoes,Danform Shoes,104 Heineberg Drive,Colchester,VT,05482,Chittenden Core,,,,,,"Mon-Sat: 10 AM-6 PM
Sun: 11 AM- 5 PM",Deb Shaw,18885724873,true
lennys-shoe-and-apparel,Lenny's Shoe and Apparel,2121 Essex Rd,Williston,VT,05495,Chittenden Core,,,,"Go through the front of the store, and then in the back where the door with the glass window says, ‘Employees Only’, go through the door, take a right, our shelf is in the back on the bottom labeled ‘Prepaid Orders’, someone will always be there to support you",,"Mon-Fri: 10-6pm
Sat: 10-5pm
Sun: Closed",Kat Sebastiano,18024767446,true
phoenix-books-burlington,Phoenix Books Burlington,191 Bank St,Burlington,VT,05401,Chittenden Core,,,,"Let someone know you are there. Down in the basement, there is an area in the back with a computer. Ready orders will be kept there.",,"Mon-Sat: 10 AM-6 PM
Sun: 10 AM-5 PM",Katharine DeSanto,18024483350,true
ma-pembum,Ma & Pembum,730 Ridgefield Rd,Shelburne,VT,05461,Chittenden Core,,,,Look for the side door next to the garage,,Mon-Fri: 10 AM-3 PM,Phebe Mott,8027992031,true
kaden-apparel,Kaden Apparel,6 Worth Street,South Burlington,VT,05401,Chittenden Core,,,,Inside enclosed front porch (this is a residential address),,Mon-Fri: 8 AM-6 PM,Chelsea Camarata,,true
brio-coffeeworks,Brio Coffeeworks,266 Pine St Suite 116,Burlington,VT,05401,Chittenden Core,,,,,,"Mon-Thurs: 8 AM-2 PM
Fri-Sun: 8 AM-4 PM
",Nathan Van Dusen,18027776641,true